date,tank,sample_type,SampleID,TA,water_mass,TA_initial,mean.blanks,ID,pH_treatment,temp_treatment,volume,wet_weight,TA.start,TA.stop,deltaTA,timediff,umol.cm2.hr
###############################################################################################################################################################################################################################################################,2,Initial,T2_initial_S1,2007.747569,60.3041,2008.9454823333333,92.16141533333325,NA,7.4,16,0.115,NA,2025-07-16T09:30:00Z,2025-07-16T10:55:00Z,-90.96350200000006,1.4166666666666667,-3.784349222911767
###############################################################################################################################################################################################################################################################,2,Initial,T2_initial_S1,2007.747569,60.3041,2008.9454823333333,92.16141533333325,NA,7.4,16,0.115,NA,2025-07-16T09:30:00Z,2025-07-16T10:55:00Z,-90.96350200000006,1.4166666666666667,-3.784349222911767
###############################################################################################################################################################################################################################################################,2,Initial,T2_initial_S2,2012.092773,60.0516,2008.9454823333333,92.16141533333325,NA,7.4,16,0.115,NA,2025-07-16T09:30:00Z,2025-07-16T10:55:00Z,-95.30870600000003,1.4166666666666667,-3.96512248932353
###############################################################################################################################################################################################################################################################,2,Initial,T2_initial_S2,2012.092773,60.0516,2008.9454823333333,92.16141533333325,NA,7.4,16,0.115,NA,2025-07-16T09:30:00Z,2025-07-16T10:55:00Z,-95.30870600000003,1.4166666666666667,-3.96512248932353
###############################################################################################################################################################################################################################################################,2,Initial,T2_initial_S3,2006.996105,59.9095,2008.9454823333333,92.16141533333325,NA,7.4,16,0.115,NA,2025-07-16T09:30:00Z,2025-07-16T10:55:00Z,-90.2120379999999,1.4166666666666667,-3.7530861103235247
###############################################################################################################################################################################################################################################################,2,Initial,T2_initial_S3,2006.996105,59.9095,2008.9454823333333,92.16141533333325,NA,7.4,16,0.115,NA,2025-07-16T09:30:00Z,2025-07-16T10:55:00Z,-90.2120379999999,1.4166666666666667,-3.7530861103235247
###############################################################################################################################################################################################################################################################,2,NA,T2_Teg,2040.40816,59.8162,2008.9454823333333,92.16141533333325,NA,7.4,16,0.115,NA,2025-07-16T09:30:00Z,2025-07-16T10:55:00Z,-123.6240929999999,1.4166666666666667,-5.143125869073525
###############################################################################################################################################################################################################################################################,2,NA,T2_Teg,2040.40816,59.8162,2008.9454823333333,92.16141533333325,NA,7.4,16,0.115,NA,2025-07-16T09:30:00Z,2025-07-16T10:55:00Z,-123.6240929999999,1.4166666666666667,-5.143125869073525
###############################################################################################################################################################################################################################################################,4,Initial,T4_initial_S1,1949.583408,59.7492,1991.7314896666667,34.25733966666667,NA,7.3,16,0.115,NA,2025-07-16T09:30:00Z,2025-07-16T10:55:00Z,7.890742000000046,1.4166666666666667,0.32827807526470776
###############################################################################################################################################################################################################################################################,4,Initial,T4_initial_S1,1949.583408,59.7492,1991.7314896666667,34.25733966666667,NA,7.3,16,0.115,NA,2025-07-16T09:30:00Z,2025-07-16T10:55:00Z,7.890742000000046,1.4166666666666667,0.32827807526470776
###############################################################################################################################################################################################################################################################,4,Initial,T4_initial_S2,2007.14532,60.246,1991.7314896666667,34.25733966666667,NA,7.3,16,0.115,NA,2025-07-16T09:30:00Z,2025-07-16T10:55:00Z,-49.671170000000075,1.4166666666666667,-2.0664667636764738
###############################################################################################################################################################################################################################################################,4,Initial,T4_initial_S2,2007.14532,60.246,1991.7314896666667,34.25733966666667,NA,7.3,16,0.115,NA,2025-07-16T09:30:00Z,2025-07-16T10:55:00Z,-49.671170000000075,1.4166666666666667,-2.0664667636764738
###############################################################################################################################################################################################################################################################,4,Initial,T4_initial_S3,2018.465741,60.2114,1991.7314896666667,34.25733966666667,NA,7.3,16,0.115,NA,2025-07-16T09:30:00Z,2025-07-16T10:55:00Z,-60.99159099999997,1.4166666666666667,-2.5374295726323517
###############################################################################################################################################################################################################################################################,4,Initial,T4_initial_S3,2018.465741,60.2114,1991.7314896666667,34.25733966666667,NA,7.3,16,0.115,NA,2025-07-16T09:30:00Z,2025-07-16T10:55:00Z,-60.99159099999997,1.4166666666666667,-2.5374295726323517
###############################################################################################################################################################################################################################################################,4,NA,T4_Teg,1984.233657,60.3677,1991.7314896666667,34.25733966666667,NA,7.3,16,0.115,NA,2025-07-16T09:30:00Z,2025-07-16T10:55:00Z,-26.759506999999985,1.4166666666666667,-1.1132741956323522
###############################################################################################################################################################################################################################################################,4,NA,T4_Teg,1984.233657,60.3677,1991.7314896666667,34.25733966666667,NA,7.3,16,0.115,NA,2025-07-16T09:30:00Z,2025-07-16T10:55:00Z,-26.759506999999985,1.4166666666666667,-1.1132741956323522
###############################################################################################################################################################################################################################################################,5,Initial,T5_initial_S1,1945.04839,60.1629,1971.362368,67.19646899999998,NA,7.7,16,0.115,NA,2025-07-16T09:30:00Z,2025-07-16T10:55:00Z,-40.882490999999845,1.4166666666666667,-1.7008318682205814
###############################################################################################################################################################################################################################################################,5,Initial,T5_initial_S1,1945.04839,60.1629,1971.362368,67.19646899999998,NA,7.7,16,0.115,NA,2025-07-16T09:30:00Z,2025-07-16T10:55:00Z,-40.882490999999845,1.4166666666666667,-1.7008318682205814
###############################################################################################################################################################################################################################################################,5,Initial,T5_initial_S2,2009.607816,59.6263,1971.362368,67.19646899999998,NA,7.7,16,0.115,NA,2025-07-16T09:30:00Z,2025-07-16T10:55:00Z,-105.44191699999988,1.4166666666666667,-4.3866938704852885
###############################################################################################################################################################################################################################################################,5,Initial,T5_initial_S2,2009.607816,59.6263,1971.362368,67.19646899999998,NA,7.7,16,0.115,NA,2025-07-16T09:30:00Z,2025-07-16T10:55:00Z,-105.44191699999988,1.4166666666666667,-4.3866938704852885
###############################################################################################################################################################################################################################################################,5,Initial,T5_initial_S3,1959.430898,59.7436,1971.362368,67.19646899999998,NA,7.7,16,0.115,NA,2025-07-16T09:30:00Z,2025-07-16T10:55:00Z,-55.26499899999999,1.4166666666666667,-2.299186502514705
###############################################################################################################################################################################################################################################################,5,Initial,T5_initial_S3,1959.430898,59.7436,1971.362368,67.19646899999998,NA,7.7,16,0.115,NA,2025-07-16T09:30:00Z,2025-07-16T10:55:00Z,-55.26499899999999,1.4166666666666667,-2.299186502514705
###############################################################################################################################################################################################################################################################,5,NA,T5_Teg,2054.068478,60.0751,1971.362368,67.19646899999998,NA,7.7,16,0.115,NA,2025-07-16T09:30:00Z,2025-07-16T10:55:00Z,-149.90257900000006,1.4166666666666667,-6.236388176338237
###############################################################################################################################################################################################################################################################,5,NA,T5_Teg,2054.068478,60.0751,1971.362368,67.19646899999998,NA,7.7,16,0.115,NA,2025-07-16T09:30:00Z,2025-07-16T10:55:00Z,-149.90257900000006,1.4166666666666667,-6.236388176338237
###############################################################################################################################################################################################################################################################,6,Initial,T6_initial_S1,2010.351247,59.767,2005.3704426666668,105.55670266666675,NA,7.9,16,0.115,NA,2025-07-16T09:30:00Z,2025-07-16T10:55:00Z,-110.537507,1.4166666666666667,-4.598685401514706
###############################################################################################################################################################################################################################################################,6,Initial,T6_initial_S1,2010.351247,59.767,2005.3704426666668,105.55670266666675,NA,7.9,16,0.115,NA,2025-07-16T09:30:00Z,2025-07-16T10:55:00Z,-110.537507,1.4166666666666667,-4.598685401514706
###############################################################################################################################################################################################################################################################,6,Initial,T6_initial_S2,2009.631767,59.9022,2005.3704426666668,105.55670266666675,NA,7.9,16,0.115,NA,2025-07-16T09:30:00Z,2025-07-16T10:55:00Z,-109.81802700000003,1.4166666666666667,-4.56875291739706
###############################################################################################################################################################################################################################################################,6,Initial,T6_initial_S2,2009.631767,59.9022,2005.3704426666668,105.55670266666675,NA,7.9,16,0.115,NA,2025-07-16T09:30:00Z,2025-07-16T10:55:00Z,-109.81802700000003,1.4166666666666667,-4.56875291739706
###############################################################################################################################################################################################################################################################,6,Initial,T6_initial_S3,1996.128314,59.8879,2005.3704426666668,105.55670266666675,NA,7.9,16,0.115,NA,2025-07-16T09:30:00Z,2025-07-16T10:55:00Z,-96.314574,1.4166666666666667,-4.006969556558823
###############################################################################################################################################################################################################################################################,6,Initial,T6_initial_S3,1996.128314,59.8879,2005.3704426666668,105.55670266666675,NA,7.9,16,0.115,NA,2025-07-16T09:30:00Z,2025-07-16T10:55:00Z,-96.314574,1.4166666666666667,-4.006969556558823
###############################################################################################################################################################################################################################################################,6,NA,T6_Teg,2053.651016,60.1269,2005.3704426666668,105.55670266666675,NA,7.9,16,0.115,NA,2025-07-16T09:30:00Z,2025-07-16T10:55:00Z,-153.83727599999975,1.4166666666666667,-6.40008314417646
###############################################################################################################################################################################################################################################################,6,NA,T6_Teg,2053.651016,60.1269,2005.3704426666668,105.55670266666675,NA,7.9,16,0.115,NA,2025-07-16T09:30:00Z,2025-07-16T10:55:00Z,-153.83727599999975,1.4166666666666667,-6.40008314417646
###############################################################################################################################################################################################################################################################,2,Blank,T2_blank,1916.784067,60.3275,2008.9454823333333,92.16141533333325,NA,7.4,16,0.115,NA,2025-07-16T09:30:00Z,2025-07-16T10:55:00Z,0,1.4166666666666667,0
###############################################################################################################################################################################################################################################################,2,Blank,T2_blank,1916.784067,60.3275,2008.9454823333333,92.16141533333325,NA,7.4,16,0.115,NA,2025-07-16T09:30:00Z,2025-07-16T10:55:00Z,0,1.4166666666666667,0
###############################################################################################################################################################################################################################################################,4,Blank,T4_blank,1957.47415,60.0214,1991.7314896666667,34.25733966666667,NA,7.3,16,0.115,NA,2025-07-16T09:30:00Z,2025-07-16T10:55:00Z,0,1.4166666666666667,0
###############################################################################################################################################################################################################################################################,4,Blank,T4_blank,1957.47415,60.0214,1991.7314896666667,34.25733966666667,NA,7.3,16,0.115,NA,2025-07-16T09:30:00Z,2025-07-16T10:55:00Z,0,1.4166666666666667,0
###############################################################################################################################################################################################################################################################,5,Blank,T5_blank,1904.165899,60.1711,1971.362368,67.19646899999998,NA,7.7,16,0.115,NA,2025-07-16T09:30:00Z,2025-07-16T10:55:00Z,0,1.4166666666666667,0
###############################################################################################################################################################################################################################################################,5,Blank,T5_blank,1904.165899,60.1711,1971.362368,67.19646899999998,NA,7.7,16,0.115,NA,2025-07-16T09:30:00Z,2025-07-16T10:55:00Z,0,1.4166666666666667,0
###############################################################################################################################################################################################################################################################,6,Blank,T6_blank,1899.81374,59.7837,2005.3704426666668,105.55670266666675,NA,7.9,16,0.115,NA,2025-07-16T09:30:00Z,2025-07-16T10:55:00Z,0,1.4166666666666667,0
###############################################################################################################################################################################################################################################################,6,Blank,T6_blank,1899.81374,59.7837,2005.3704426666668,105.55670266666675,NA,7.9,16,0.115,NA,2025-07-16T09:30:00Z,2025-07-16T10:55:00Z,0,1.4166666666666667,0
###############################################################################################################################################################################################################################################################,13,Initial,T13_initial_S1,2004.571865,59.9964,1968.8408796666665,72.61319066666647,NA,8,16,0.115,NA,2025-07-16T11:25:00Z,2025-07-16T12:40:00Z,-108.34417599999983,1.25,-5.108427898399992
###############################################################################################################################################################################################################################################################,13,Initial,T13_initial_S1,2004.571865,59.9964,1968.8408796666665,72.61319066666647,NA,8,16,0.115,NA,2025-07-16T11:25:00Z,2025-07-16T12:40:00Z,-108.34417599999983,1.25,-5.108427898399992
###############################################################################################################################################################################################################################################################,13,Initial,T13_initial_S2,1906.663713,60.4167,1968.8408796666665,72.61319066666647,NA,8,16,0.115,NA,2025-07-16T11:25:00Z,2025-07-16T12:40:00Z,-10.436023999999861,1.25,-0.49205853159999347
###############################################################################################################################################################################################################################################################,13,Initial,T13_initial_S2,1906.663713,60.4167,1968.8408796666665,72.61319066666647,NA,8,16,0.115,NA,2025-07-16T11:25:00Z,2025-07-16T12:40:00Z,-10.436023999999861,1.25,-0.49205853159999347
###############################################################################################################################################################################################################################################################,13,Initial,T13_initial_S3,1995.287061,60.1903,1968.8408796666665,72.61319066666647,NA,8,16,0.115,NA,2025-07-16T11:25:00Z,2025-07-16T12:40:00Z,-99.05937199999994,1.25,-4.670649389799997
###############################################################################################################################################################################################################################################################,13,Initial,T13_initial_S3,1995.287061,60.1903,1968.8408796666665,72.61319066666647,NA,8,16,0.115,NA,2025-07-16T11:25:00Z,2025-07-16T12:40:00Z,-99.05937199999994,1.25,-4.670649389799997
###############################################################################################################################################################################################################################################################,13,NA,T13_Teg,2008.338337,59.9199,1968.8408796666665,72.61319066666647,NA,8,16,0.115,NA,2025-07-16T11:25:00Z,2025-07-16T12:40:00Z,-112.11064799999986,1.25,-5.286017053199993
###############################################################################################################################################################################################################################################################,13,NA,T13_Teg,2008.338337,59.9199,1968.8408796666665,72.61319066666647,NA,8,16,0.115,NA,2025-07-16T11:25:00Z,2025-07-16T12:40:00Z,-112.11064799999986,1.25,-5.286017053199993
###############################################################################################################################################################################################################################################################,13,Blank,T13_SBlank,1896.227689,60.4711,1968.8408796666665,72.61319066666647,NA,8,16,0.115,NA,2025-07-16T11:25:00Z,2025-07-16T12:40:00Z,0,1.25,0
###############################################################################################################################################################################################################################################################,13,Blank,T13_SBlank,1896.227689,60.4711,1968.8408796666665,72.61319066666647,NA,8,16,0.115,NA,2025-07-16T11:25:00Z,2025-07-16T12:40:00Z,0,1.25,0
###############################################################################################################################################################################################################################################################,7,Initial,T7_initial_S1,1997.342787,59.7948,2001.2933093333334,65.7370923333333,NA,7.5,16,0.115,NA,2025-07-16T09:30:00Z,2025-07-16T10:55:00Z,-61.78656999999998,1.4166666666666667,-2.5705030372058815
###############################################################################################################################################################################################################################################################,7,Initial,T7_initial_S1,1997.342787,59.7948,2001.2933093333334,65.7370923333333,NA,7.5,16,0.115,NA,2025-07-16T09:30:00Z,2025-07-16T10:55:00Z,-61.78656999999998,1.4166666666666667,-2.5705030372058815
###############################################################################################################################################################################################################################################################,7,Initial,T7_initial_S2,2004.165937,59.9154,2001.2933093333334,65.7370923333333,NA,7.5,16,0.115,NA,2025-07-16T09:30:00Z,2025-07-16T10:55:00Z,-68.60971999999992,1.4166666666666667,-2.8543661452941143
###############################################################################################################################################################################################################################################################,7,Initial,T7_initial_S2,2004.165937,59.9154,2001.2933093333334,65.7370923333333,NA,7.5,16,0.115,NA,2025-07-16T09:30:00Z,2025-07-16T10:55:00Z,-68.60971999999992,1.4166666666666667,-2.8543661452941143
###############################################################################################################################################################################################################################################################,7,Initial,T7_initial_S3,2002.371204,60.2693,2001.2933093333334,65.7370923333333,NA,7.5,16,0.115,NA,2025-07-16T09:30:00Z,2025-07-16T10:55:00Z,-66.81498699999997,1.4166666666666667,-2.7796999738676456
###############################################################################################################################################################################################################################################################,7,Initial,T7_initial_S3,2002.371204,60.2693,2001.2933093333334,65.7370923333333,NA,7.5,16,0.115,NA,2025-07-16T09:30:00Z,2025-07-16T10:55:00Z,-66.81498699999997,1.4166666666666667,-2.7796999738676456
###############################################################################################################################################################################################################################################################,7,NA,T7_Teg,2052.371883,59.7537,2001.2933093333334,65.7370923333333,NA,7.5,16,0.115,NA,2025-07-16T09:30:00Z,2025-07-16T10:55:00Z,-116.81566599999974,1.4166666666666667,-4.859875281088224
###############################################################################################################################################################################################################################################################,7,NA,T7_Teg,2052.371883,59.7537,2001.2933093333334,65.7370923333333,NA,7.5,16,0.115,NA,2025-07-16T09:30:00Z,2025-07-16T10:55:00Z,-116.81566599999974,1.4166666666666667,-4.859875281088224
###############################################################################################################################################################################################################################################################,7,Blank,T7_SBlank,1935.556217,60.2885,2001.2933093333334,65.7370923333333,NA,7.5,16,0.115,NA,2025-07-16T09:30:00Z,2025-07-16T10:55:00Z,0,1.4166666666666667,0
###############################################################################################################################################################################################################################################################,7,Blank,T7_SBlank,1935.556217,60.2885,2001.2933093333334,65.7370923333333,NA,7.5,16,0.115,NA,2025-07-16T09:30:00Z,2025-07-16T10:55:00Z,0,1.4166666666666667,0
###############################################################################################################################################################################################################################################################,14,Initial,T14_initial_S1,1997.04978,59.7346,2000.8723226666666,73.06323666666663,NA,7.2,20,0.115,NA,2025-07-16T17:20:00Z,2025-07-16T18:35:00Z,-69.24069400000008,1.25,-3.264698722100004
###############################################################################################################################################################################################################################################################,14,Initial,T14_initial_S1,1997.04978,59.7346,2000.8723226666666,73.06323666666663,NA,7.2,20,0.115,NA,2025-07-16T17:20:00Z,2025-07-16T18:35:00Z,-69.24069400000008,1.25,-3.264698722100004
###############################################################################################################################################################################################################################################################,14,Initial,T14_initial_S2,2004.867996,59.6227,2000.8723226666666,73.06323666666663,NA,7.2,20,0.115,NA,2025-07-16T17:20:00Z,2025-07-16T18:35:00Z,-77.05890999999997,1.25,-3.6333276064999978
###############################################################################################################################################################################################################################################################,14,Initial,T14_initial_S2,2004.867996,59.6227,2000.8723226666666,73.06323666666663,NA,7.2,20,0.115,NA,2025-07-16T17:20:00Z,2025-07-16T18:35:00Z,-77.05890999999997,1.25,-3.6333276064999978
###############################################################################################################################################################################################################################################################,14,Initial,T14_initial_S3,2000.699192,59.712,2000.8723226666666,73.06323666666663,NA,7.2,20,0.115,NA,2025-07-16T17:20:00Z,2025-07-16T18:35:00Z,-72.89010600000006,1.25,-3.4367684979000024
###############################################################################################################################################################################################################################################################,14,Initial,T14_initial_S3,2000.699192,59.712,2000.8723226666666,73.06323666666663,NA,7.2,20,0.115,NA,2025-07-16T17:20:00Z,2025-07-16T18:35:00Z,-72.89010600000006,1.25,-3.4367684979000024
###############################################################################################################################################################################################################################################################,14,NA,T14_Teg,2026.056005,60.2312,2000.8723226666666,73.06323666666663,NA,7.2,20,0.115,NA,2025-07-16T17:20:00Z,2025-07-16T18:35:00Z,-98.24691899999993,1.25,-4.632342230849996
###############################################################################################################################################################################################################################################################,14,NA,T14_Teg,2026.056005,60.2312,2000.8723226666666,73.06323666666663,NA,7.2,20,0.115,NA,2025-07-16T17:20:00Z,2025-07-16T18:35:00Z,-98.24691899999993,1.25,-4.632342230849996
###############################################################################################################################################################################################################################################################,14,Blank,T14_SBlank,1927.809086,59.5936,2000.8723226666666,73.06323666666663,NA,7.2,20,0.115,NA,2025-07-16T17:20:00Z,2025-07-16T18:35:00Z,0,1.25,0
###############################################################################################################################################################################################################################################################,14,Blank,T14_SBlank,1927.809086,59.5936,2000.8723226666666,73.06323666666663,NA,7.2,20,0.115,NA,2025-07-16T17:20:00Z,2025-07-16T18:35:00Z,0,1.25,0
###############################################################################################################################################################################################################################################################,1,Initial,T1_initial_S1,1925.480444,59.7079,1939.7089656666667,49.165805666666756,NA,7.6,20,0.115,NA,2025-07-16T17:20:00Z,2025-07-16T18:35:00Z,-34.93728400000009,1.25,-1.6472929406000045
###############################################################################################################################################################################################################################################################,1,Initial,T1_initial_S1,1925.480444,59.7079,1939.7089656666667,49.165805666666756,NA,7.6,20,0.115,NA,2025-07-16T17:20:00Z,2025-07-16T18:35:00Z,-34.93728400000009,1.25,-1.6472929406000045
###############################################################################################################################################################################################################################################################,1,Initial,T1_initial_S2,1973.118315,59.6221,1939.7089656666667,49.165805666666756,NA,7.6,20,0.115,NA,2025-07-16T17:20:00Z,2025-07-16T18:35:00Z,-82.575155,1.25,-3.893418558249999
###############################################################################################################################################################################################################################################################,1,Initial,T1_initial_S2,1973.118315,59.6221,1939.7089656666667,49.165805666666756,NA,7.6,20,0.115,NA,2025-07-16T17:20:00Z,2025-07-16T18:35:00Z,-82.575155,1.25,-3.893418558249999
###############################################################################################################################################################################################################################################################,1,Initial,T1_initial_S3,1920.528138,59.9391,1939.7089656666667,49.165805666666756,NA,7.6,20,0.115,NA,2025-07-16T17:20:00Z,2025-07-16T18:35:00Z,-29.984977999999956,1.25,-1.413791712699998
###############################################################################################################################################################################################################################################################,1,Initial,T1_initial_S3,1920.528138,59.9391,1939.7089656666667,49.165805666666756,NA,7.6,20,0.115,NA,2025-07-16T17:20:00Z,2025-07-16T18:35:00Z,-29.984977999999956,1.25,-1.413791712699998
###############################################################################################################################################################################################################################################################,1,NA,T1_Teg,2004.629345,59.6729,1939.7089656666667,49.165805666666756,NA,7.6,20,0.115,NA,2025-07-16T17:20:00Z,2025-07-16T18:35:00Z,-114.08618500000011,1.25,-5.3791636227500055
###############################################################################################################################################################################################################################################################,1,NA,T1_Teg,2004.629345,59.6729,1939.7089656666667,49.165805666666756,NA,7.6,20,0.115,NA,2025-07-16T17:20:00Z,2025-07-16T18:35:00Z,-114.08618500000011,1.25,-5.3791636227500055
###############################################################################################################################################################################################################################################################,1,Blank,T1_SBlank,1890.54316,60.3929,1939.7089656666667,49.165805666666756,NA,7.6,20,0.115,NA,2025-07-16T17:20:00Z,2025-07-16T18:35:00Z,0,1.25,0
###############################################################################################################################################################################################################################################################,1,Blank,T1_SBlank,1890.54316,60.3929,1939.7089656666667,49.165805666666756,NA,7.6,20,0.115,NA,2025-07-16T17:20:00Z,2025-07-16T18:35:00Z,0,1.25,0
###############################################################################################################################################################################################################################################################,8,Initial,T8_initial_S1,2005.84306,59.7581,2001.8921169999999,68.06175499999995,NA,7.6,16,0.115,NA,2025-07-16T11:25:00Z,2025-07-16T12:40:00Z,-72.012698,1.25,-3.3953987106999994
###############################################################################################################################################################################################################################################################,8,Initial,T8_initial_S1,2005.84306,59.7581,2001.8921169999999,68.06175499999995,NA,7.6,16,0.115,NA,2025-07-16T11:25:00Z,2025-07-16T12:40:00Z,-72.012698,1.25,-3.3953987106999994
###############################################################################################################################################################################################################################################################,8,Initial,T8_initial_S2,2000.562876,59.7145,2001.8921169999999,68.06175499999995,NA,7.6,16,0.115,NA,2025-07-16T11:25:00Z,2025-07-16T12:40:00Z,-66.73251400000004,1.25,-3.146438035100002
###############################################################################################################################################################################################################################################################,8,Initial,T8_initial_S2,2000.562876,59.7145,2001.8921169999999,68.06175499999995,NA,7.6,16,0.115,NA,2025-07-16T11:25:00Z,2025-07-16T12:40:00Z,-66.73251400000004,1.25,-3.146438035100002
###############################################################################################################################################################################################################################################################,8,Initial,T8_initial_S3,1999.270415,59.9619,2001.8921169999999,68.06175499999995,NA,7.6,16,0.115,NA,2025-07-16T11:25:00Z,2025-07-16T12:40:00Z,-65.44005300000003,1.25,-3.0854984989500016
###############################################################################################################################################################################################################################################################,8,Initial,T8_initial_S3,1999.270415,59.9619,2001.8921169999999,68.06175499999995,NA,7.6,16,0.115,NA,2025-07-16T11:25:00Z,2025-07-16T12:40:00Z,-65.44005300000003,1.25,-3.0854984989500016
###############################################################################################################################################################################################################################################################,8,Blank,T8_Sblank,1933.830362,60,2001.8921169999999,68.06175499999995,NA,7.6,16,0.115,NA,2025-07-16T11:25:00Z,2025-07-16T12:40:00Z,0,1.25,0
###############################################################################################################################################################################################################################################################,8,Blank,T8_Sblank,1933.830362,60,2001.8921169999999,68.06175499999995,NA,7.6,16,0.115,NA,2025-07-16T11:25:00Z,2025-07-16T12:40:00Z,0,1.25,0
###############################################################################################################################################################################################################################################################,8,NA,T8_Teg,2012.094238,59.7877,2001.8921169999999,68.06175499999995,NA,7.6,16,0.115,NA,2025-07-16T11:25:00Z,2025-07-16T12:40:00Z,-78.26387599999998,1.25,-3.690141753399999
###############################################################################################################################################################################################################################################################,8,NA,T8_Teg,2012.094238,59.7877,2001.8921169999999,68.06175499999995,NA,7.6,16,0.115,NA,2025-07-16T11:25:00Z,2025-07-16T12:40:00Z,-78.26387599999998,1.25,-3.690141753399999
###############################################################################################################################################################################################################################################################,9,Initial,T9_initial_S1,2004.896154,59.8085,2004.5287250000001,91.87454600000001,NA,7.2,16,0.115,NA,2025-07-16T11:25:00Z,2025-07-16T12:40:00Z,-92.24197499999991,1.25,-4.349209121249996
###############################################################################################################################################################################################################################################################,9,Initial,T9_initial_S1,2004.896154,59.8085,2004.5287250000001,91.87454600000001,NA,7.2,16,0.115,NA,2025-07-16T11:25:00Z,2025-07-16T12:40:00Z,-92.24197499999991,1.25,-4.349209121249996
###############################################################################################################################################################################################################################################################,9,Initial,T9_initial_S2,2004.370683,60.2269,2004.5287250000001,91.87454600000001,NA,7.2,16,0.115,NA,2025-07-16T11:25:00Z,2025-07-16T12:40:00Z,-91.71650399999999,1.25,-4.324433163599999
###############################################################################################################################################################################################################################################################,9,Initial,T9_initial_S2,2004.370683,60.2269,2004.5287250000001,91.87454600000001,NA,7.2,16,0.115,NA,2025-07-16T11:25:00Z,2025-07-16T12:40:00Z,-91.71650399999999,1.25,-4.324433163599999
###############################################################################################################################################################################################################################################################,9,Initial,T9_initial_S3,2004.319338,59.7675,2004.5287250000001,91.87454600000001,NA,7.2,16,0.115,NA,2025-07-16T11:25:00Z,2025-07-16T12:40:00Z,-91.6651589999999,1.25,-4.3220122468499955
###############################################################################################################################################################################################################################################################,9,Initial,T9_initial_S3,2004.319338,59.7675,2004.5287250000001,91.87454600000001,NA,7.2,16,0.115,NA,2025-07-16T11:25:00Z,2025-07-16T12:40:00Z,-91.6651589999999,1.25,-4.3220122468499955
###############################################################################################################################################################################################################################################################,9,NA,T9_Teg,2042.564383,60.0997,2004.5287250000001,91.87454600000001,NA,7.2,16,0.115,NA,2025-07-16T11:25:00Z,2025-07-16T12:40:00Z,-129.9102039999998,1.25,-6.12526611859999
###############################################################################################################################################################################################################################################################,9,NA,T9_Teg,2042.564383,60.0997,2004.5287250000001,91.87454600000001,NA,7.2,16,0.115,NA,2025-07-16T11:25:00Z,2025-07-16T12:40:00Z,-129.9102039999998,1.25,-6.12526611859999
###############################################################################################################################################################################################################################################################,9,Blank,T9_SBlank,1912.654179,60.2117,2004.5287250000001,91.87454600000001,NA,7.2,16,0.115,NA,2025-07-16T11:25:00Z,2025-07-16T12:40:00Z,0,1.25,0
###############################################################################################################################################################################################################################################################,9,Blank,T9_SBlank,1912.654179,60.2117,2004.5287250000001,91.87454600000001,NA,7.2,16,0.115,NA,2025-07-16T11:25:00Z,2025-07-16T12:40:00Z,0,1.25,0
###############################################################################################################################################################################################################################################################,10,Initial,T10_initial_S1,2002.804405,60.1854,2003.8407346666668,71.55069166666681,NA,7.8,16,0.115,NA,2025-07-16T11:25:00Z,2025-07-16T12:40:00Z,-70.51436200000012,1.25,-3.324752168300006
###############################################################################################################################################################################################################################################################,10,Initial,T10_initial_S1,2002.804405,60.1854,2003.8407346666668,71.55069166666681,NA,7.8,16,0.115,NA,2025-07-16T11:25:00Z,2025-07-16T12:40:00Z,-70.51436200000012,1.25,-3.324752168300006
###############################################################################################################################################################################################################################################################,10,Initial,T10_initial_S2,2004.76452,60.3893,2003.8407346666668,71.55069166666681,NA,7.8,16,0.115,NA,2025-07-16T11:25:00Z,2025-07-16T12:40:00Z,-72.47447699999998,1.25,-3.417171590549999
###############################################################################################################################################################################################################################################################,10,Initial,T10_initial_S2,2004.76452,60.3893,2003.8407346666668,71.55069166666681,NA,7.8,16,0.115,NA,2025-07-16T11:25:00Z,2025-07-16T12:40:00Z,-72.47447699999998,1.25,-3.417171590549999
###############################################################################################################################################################################################################################################################,10,Initial,T10_initial_S3,2003.953279,60.157,2003.8407346666668,71.55069166666681,NA,7.8,16,0.115,NA,2025-07-16T11:25:00Z,2025-07-16T12:40:00Z,-71.6632360000001,1.25,-3.3789215774000048
###############################################################################################################################################################################################################################################################,10,Initial,T10_initial_S3,2003.953279,60.157,2003.8407346666668,71.55069166666681,NA,7.8,16,0.115,NA,2025-07-16T11:25:00Z,2025-07-16T12:40:00Z,-71.6632360000001,1.25,-3.3789215774000048
###############################################################################################################################################################################################################################################################,10,NA,T10_Teg,1926.89195,60.1104,2003.8407346666668,71.55069166666681,NA,7.8,16,0.115,NA,2025-07-16T11:25:00Z,2025-07-16T12:40:00Z,5.398093000000017,1.25,0.2545200849500008
###############################################################################################################################################################################################################################################################,10,NA,T10_Teg,1926.89195,60.1104,2003.8407346666668,71.55069166666681,NA,7.8,16,0.115,NA,2025-07-16T11:25:00Z,2025-07-16T12:40:00Z,5.398093000000017,1.25,0.2545200849500008
###############################################################################################################################################################################################################################################################,10,Blank,T10_Sblank,1932.290043,59.7132,2003.8407346666668,71.55069166666681,NA,7.8,16,0.115,NA,2025-07-16T11:25:00Z,2025-07-16T12:40:00Z,0,1.25,0
###############################################################################################################################################################################################################################################################,10,Blank,T10_Sblank,1932.290043,59.7132,2003.8407346666668,71.55069166666681,NA,7.8,16,0.115,NA,2025-07-16T11:25:00Z,2025-07-16T12:40:00Z,0,1.25,0
20241222,18,Initial,T18_initial_S1,1941.662198,59.6139,1971.031874,25.983594999999923,NA,7.3,20,0.115,NA,2025-07-16T18:55:00Z,2025-07-16T20:08:00Z,3.386081000000104,1.2166666666666666,0.1640277936472653
20241222,18,Initial,T18_initial_S1,1941.662198,59.6139,1971.031874,25.983594999999923,NA,7.3,20,0.115,NA,2025-07-16T18:55:00Z,2025-07-16T20:08:00Z,3.386081000000104,1.2166666666666666,0.1640277936472653
20241222,18,Initial,T18_initial_S2,1957.128649,59.8563,1971.031874,25.983594999999923,NA,7.3,20,0.115,NA,2025-07-16T18:55:00Z,2025-07-16T20:08:00Z,-12.080369999999903,1.2166666666666666,-0.5851946357876665
20241222,18,Initial,T18_initial_S2,1957.128649,59.8563,1971.031874,25.983594999999923,NA,7.3,20,0.115,NA,2025-07-16T18:55:00Z,2025-07-16T20:08:00Z,-12.080369999999903,1.2166666666666666,-0.5851946357876665
20241222,18,Initial,T18_initial_S3,2014.304775,59.8742,1971.031874,25.983594999999923,NA,7.3,20,0.115,NA,2025-07-16T18:55:00Z,2025-07-16T20:08:00Z,-69.25649599999997,1.2166666666666666,-3.3549079997260263
20241222,18,Initial,T18_initial_S3,2014.304775,59.8742,1971.031874,25.983594999999923,NA,7.3,20,0.115,NA,2025-07-16T18:55:00Z,2025-07-16T20:08:00Z,-69.25649599999997,1.2166666666666666,-3.3549079997260263
20241222,18,NA,T18_Teg,2023.350857,59.8422,1971.031874,25.983594999999923,NA,7.3,20,0.115,NA,2025-07-16T18:55:00Z,2025-07-16T20:08:00Z,-78.30257799999981,1.2166666666666666,-3.7931163212671146
20241222,18,NA,T18_Teg,2023.350857,59.8422,1971.031874,25.983594999999923,NA,7.3,20,0.115,NA,2025-07-16T18:55:00Z,2025-07-16T20:08:00Z,-78.30257799999981,1.2166666666666666,-3.7931163212671146
20241222,18,Blank,T18_SBlank,1945.048279,60.1217,1971.031874,25.983594999999923,NA,7.3,20,0.115,NA,2025-07-16T18:55:00Z,2025-07-16T20:08:00Z,0,1.2166666666666666,0
20241222,18,Blank,T18_SBlank,1945.048279,60.1217,1971.031874,25.983594999999923,NA,7.3,20,0.115,NA,2025-07-16T18:55:00Z,2025-07-16T20:08:00Z,0,1.2166666666666666,0
20241222,19,Initial,T19_initial_S1,1991.073259,59.7646,1993.3272996666667,102.10487466666677,NA,8,20,0.115,NA,2025-07-16T18:55:00Z,2025-07-16T20:08:00Z,-99.85083400000008,1.2166666666666666,-4.836952215513703
20241222,19,Initial,T19_initial_S1,1991.073259,59.7646,1993.3272996666667,102.10487466666677,NA,8,20,0.115,NA,2025-07-16T18:55:00Z,2025-07-16T20:08:00Z,-99.85083400000008,1.2166666666666666,-4.836952215513703
20241222,19,Initial,T19_initial_S2,2008.865825,59.9807,1993.3272996666667,102.10487466666677,NA,8,20,0.115,NA,2025-07-16T18:55:00Z,2025-07-16T20:08:00Z,-117.64340000000016,1.2166666666666666,-5.698855797945213
20241222,19,Initial,T19_initial_S2,2008.865825,59.9807,1993.3272996666667,102.10487466666677,NA,8,20,0.115,NA,2025-07-16T18:55:00Z,2025-07-16T20:08:00Z,-117.64340000000016,1.2166666666666666,-5.698855797945213
20241222,19,Initial,T19_initialS3,1980.042815,59.7122,1993.3272996666667,102.10487466666677,NA,8,20,0.115,NA,2025-07-16T18:55:00Z,2025-07-16T20:08:00Z,-88.82039000000009,1.2166666666666666,-4.302617864897265
20241222,19,Initial,T19_initialS3,1980.042815,59.7122,1993.3272996666667,102.10487466666677,NA,8,20,0.115,NA,2025-07-16T18:55:00Z,2025-07-16T20:08:00Z,-88.82039000000009,1.2166666666666666,-4.302617864897265
20241222,19,NA,T19_Teg,1994.161726,60.0252,1993.3272996666667,102.10487466666677,NA,8,20,0.115,NA,2025-07-16T18:55:00Z,2025-07-16T20:08:00Z,-102.93930100000011,1.2166666666666666,-4.98656305700343
20241222,19,NA,T19_Teg,1994.161726,60.0252,1993.3272996666667,102.10487466666677,NA,8,20,0.115,NA,2025-07-16T18:55:00Z,2025-07-16T20:08:00Z,-102.93930100000011,1.2166666666666666,-4.98656305700343
20241222,19,Blank,T19_SBlank,1891.222425,59.9952,1993.3272996666667,102.10487466666677,NA,8,20,0.115,NA,2025-07-16T18:55:00Z,2025-07-16T20:08:00Z,0,1.2166666666666666,0
20241222,19,Blank,T19_SBlank,1891.222425,59.9952,1993.3272996666667,102.10487466666677,NA,8,20,0.115,NA,2025-07-16T18:55:00Z,2025-07-16T20:08:00Z,0,1.2166666666666666,0
20241222,12,Initial,T12_initial_S2,2001.050622,59.7708,2007.5233426666666,31.15628866666657,NA,7.4,20,0.115,NA,2025-07-16T17:20:00Z,2025-07-16T18:35:00Z,-24.683567999999923,1.25,-1.1638302311999964
20241222,12,Initial,T12_initial_S2,2001.050622,59.7708,2007.5233426666666,31.15628866666657,NA,7.4,20,0.115,NA,2025-07-16T17:20:00Z,2025-07-16T18:35:00Z,-24.683567999999923,1.25,-1.1638302311999964
20241222,12,Initial,T12_initial_S3,2008.226972,60.1179,2007.5233426666666,31.15628866666657,NA,7.4,20,0.115,NA,2025-07-16T17:20:00Z,2025-07-16T18:35:00Z,-31.85991799999988,1.25,-1.5021951336999944
20241222,12,Initial,T12_initial_S3,2008.226972,60.1179,2007.5233426666666,31.15628866666657,NA,7.4,20,0.115,NA,2025-07-16T17:20:00Z,2025-07-16T18:35:00Z,-31.85991799999988,1.25,-1.5021951336999944
20241222,12,Initial,T12_initial_S1,2013.292434,59.638,2007.5233426666666,31.15628866666657,NA,7.4,20,0.115,NA,2025-07-16T17:20:00Z,2025-07-16T18:35:00Z,-36.925379999999905,1.25,-1.7410316669999955
20241222,12,Initial,T12_initial_S1,2013.292434,59.638,2007.5233426666666,31.15628866666657,NA,7.4,20,0.115,NA,2025-07-16T17:20:00Z,2025-07-16T18:35:00Z,-36.925379999999905,1.25,-1.7410316669999955
20241222,12,NA,T12_Teg,1989.749008,60.0648,2007.5233426666666,31.15628866666657,NA,7.4,20,0.115,NA,2025-07-16T17:20:00Z,2025-07-16T18:35:00Z,-13.38195399999995,1.25,-0.6309591310999976
20241222,12,NA,T12_Teg,1989.749008,60.0648,2007.5233426666666,31.15628866666657,NA,7.4,20,0.115,NA,2025-07-16T17:20:00Z,2025-07-16T18:35:00Z,-13.38195399999995,1.25,-0.6309591310999976
20241222,12,Blank,T12_SBlank,1976.367054,60.0873,2007.5233426666666,31.15628866666657,NA,7.4,20,0.115,NA,2025-07-16T17:20:00Z,2025-07-16T18:35:00Z,0,1.25,0
20241222,12,Blank,T12_SBlank,1976.367054,60.0873,2007.5233426666666,31.15628866666657,NA,7.4,20,0.115,NA,2025-07-16T17:20:00Z,2025-07-16T18:35:00Z,0,1.25,0
20241222,11,Initial,T11_initial_S1,2013.946983,60.4634,2011.0398226666666,88.33648866666658,NA,7.5,20,0.115,NA,2025-07-16T17:20:00Z,2025-07-16T18:35:00Z,-91.243649,1.25,-4.302138050350001
20241222,11,Initial,T11_initial_S1,2013.946983,60.4634,2011.0398226666666,88.33648866666658,NA,7.5,20,0.115,NA,2025-07-16T17:20:00Z,2025-07-16T18:35:00Z,-91.243649,1.25,-4.302138050350001
20241222,11,Initial,T11_initial_S2,2007.21859,60.0882,2011.0398226666666,88.33648866666658,NA,7.5,20,0.115,NA,2025-07-16T17:20:00Z,2025-07-16T18:35:00Z,-84.51525599999991,1.25,-3.984894320399996
20241222,11,Initial,T11_initial_S2,2007.21859,60.0882,2011.0398226666666,88.33648866666658,NA,7.5,20,0.115,NA,2025-07-16T17:20:00Z,2025-07-16T18:35:00Z,-84.51525599999991,1.25,-3.984894320399996
20241222,11,Initial,T11_initial_S3,2011.953895,59.5974,2011.0398226666666,88.33648866666658,NA,7.5,20,0.115,NA,2025-07-16T17:20:00Z,2025-07-16T18:35:00Z,-89.25056100000006,1.25,-4.208163951150002
20241222,11,Initial,T11_initial_S3,2011.953895,59.5974,2011.0398226666666,88.33648866666658,NA,7.5,20,0.115,NA,2025-07-16T17:20:00Z,2025-07-16T18:35:00Z,-89.25056100000006,1.25,-4.208163951150002
20241222,11,NA,T11_Teg,2063.229541,60.4073,2011.0398226666666,88.33648866666658,NA,7.5,20,0.115,NA,2025-07-16T17:20:00Z,2025-07-16T18:35:00Z,-140.5262070000001,1.25,-6.625810660050004
20241222,11,NA,T11_Teg,2063.229541,60.4073,2011.0398226666666,88.33648866666658,NA,7.5,20,0.115,NA,2025-07-16T17:20:00Z,2025-07-16T18:35:00Z,-140.5262070000001,1.25,-6.625810660050004
20241222,11,Blank,T11_SBlank,1922.703334,60.3736,2011.0398226666666,88.33648866666658,NA,7.5,20,0.115,NA,2025-07-16T17:20:00Z,2025-07-16T18:35:00Z,0,1.25,0
20241222,11,Blank,T11_SBlank,1922.703334,60.3736,2011.0398226666666,88.33648866666658,NA,7.5,20,0.115,NA,2025-07-16T17:20:00Z,2025-07-16T18:35:00Z,0,1.25,0
20241222,3,Initial,T3_initial_S1,1987.580003,60.2551,1982.8321296666666,71.38018766666664,NA,7.8,20,0.115,NA,2025-07-16T17:20:00Z,2025-07-16T18:35:00Z,-76.12806100000012,1.25,-3.5894380761500053
20241222,3,Initial,T3_initial_S1,1987.580003,60.2551,1982.8321296666666,71.38018766666664,NA,7.8,20,0.115,NA,2025-07-16T17:20:00Z,2025-07-16T18:35:00Z,-76.12806100000012,1.25,-3.5894380761500053
20241222,3,Initial,T3_initial_S2,1980.490607,60.1415,1982.8321296666666,71.38018766666664,NA,7.8,20,0.115,NA,2025-07-16T17:20:00Z,2025-07-16T18:35:00Z,-69.03866500000004,1.25,-3.2551730547500015
20241222,3,Initial,T3_initial_S2,1980.490607,60.1415,1982.8321296666666,71.38018766666664,NA,7.8,20,0.115,NA,2025-07-16T17:20:00Z,2025-07-16T18:35:00Z,-69.03866500000004,1.25,-3.2551730547500015
20241222,3,Initial,T3_initial_S3,1980.425779,59.8828,1982.8321296666666,71.38018766666664,NA,7.8,20,0.115,NA,2025-07-16T17:20:00Z,2025-07-16T18:35:00Z,-68.973837,1.25,-3.25211641455
20241222,3,Initial,T3_initial_S3,1980.425779,59.8828,1982.8321296666666,71.38018766666664,NA,7.8,20,0.115,NA,2025-07-16T17:20:00Z,2025-07-16T18:35:00Z,-68.973837,1.25,-3.25211641455
20241222,3,NA,T3_Teg,1868.059009,60.3572,1982.8321296666666,71.38018766666664,NA,7.8,20,0.115,NA,2025-07-16T17:20:00Z,2025-07-16T18:35:00Z,43.39293299999986,1.25,2.0459767909499935
20241222,3,NA,T3_Teg,1868.059009,60.3572,1982.8321296666666,71.38018766666664,NA,7.8,20,0.115,NA,2025-07-16T17:20:00Z,2025-07-16T18:35:00Z,43.39293299999986,1.25,2.0459767909499935
20241222,3,Blank,T3_SBlank,1911.451942,60.3438,1982.8321296666666,71.38018766666664,NA,7.8,20,0.115,NA,2025-07-16T17:20:00Z,2025-07-16T18:35:00Z,0,1.25,0
20241222,3,Blank,T3_SBlank,1911.451942,60.3438,1982.8321296666666,71.38018766666664,NA,7.8,20,0.115,NA,2025-07-16T17:20:00Z,2025-07-16T18:35:00Z,0,1.25,0
20241222,15,Initial,T15_initial_S1,1999.58655,59.8677,1999.19044,75.06205100000011,NA,7.7,20,0.115,NA,2025-07-16T18:55:00Z,2025-07-16T20:08:00Z,-75.45816100000002,1.2166666666666666,-3.6553276963869874
20241222,15,Initial,T15_initial_S1,1999.58655,59.8677,1999.19044,75.06205100000011,NA,7.7,20,0.115,NA,2025-07-16T18:55:00Z,2025-07-16T20:08:00Z,-75.45816100000002,1.2166666666666666,-3.6553276963869874
20241222,15,Initial,T15_initial_S2,2007.296524,59.8048,1999.19044,75.06205100000011,NA,7.7,20,0.115,NA,2025-07-16T18:55:00Z,2025-07-16T20:08:00Z,-83.16813500000012,1.2166666666666666,-4.0288125670376775
20241222,15,Initial,T15_initial_S2,2007.296524,59.8048,1999.19044,75.06205100000011,NA,7.7,20,0.115,NA,2025-07-16T18:55:00Z,2025-07-16T20:08:00Z,-83.16813500000012,1.2166666666666666,-4.0288125670376775
20241222,15,Initial,T15_initial_S3,1990.688246,60.3733,1999.19044,75.06205100000011,NA,7.7,20,0.115,NA,2025-07-16T18:55:00Z,2025-07-16T20:08:00Z,-66.55985699999997,1.2166666666666666,-3.2242780043321906
20241222,15,Initial,T15_initial_S3,1990.688246,60.3733,1999.19044,75.06205100000011,NA,7.7,20,0.115,NA,2025-07-16T18:55:00Z,2025-07-16T20:08:00Z,-66.55985699999997,1.2166666666666666,-3.2242780043321906
20241222,15,NA,T15_Teg,1955.822606,60.0664,1999.19044,75.06205100000011,NA,7.7,20,0.115,NA,2025-07-16T18:55:00Z,2025-07-16T20:08:00Z,-31.69421699999998,1.2166666666666666,-1.5353243132363006
20241222,15,NA,T15_Teg,1955.822606,60.0664,1999.19044,75.06205100000011,NA,7.7,20,0.115,NA,2025-07-16T18:55:00Z,2025-07-16T20:08:00Z,-31.69421699999998,1.2166666666666666,-1.5353243132363006
20241222,15,Blank,T15_SBlank,1924.128389,60.1395,1999.19044,75.06205100000011,NA,7.7,20,0.115,NA,2025-07-16T18:55:00Z,2025-07-16T20:08:00Z,0,1.2166666666666666,0
20241222,15,Blank,T15_SBlank,1924.128389,60.1395,1999.19044,75.06205100000011,NA,7.7,20,0.115,NA,2025-07-16T18:55:00Z,2025-07-16T20:08:00Z,0,1.2166666666666666,0
20241222,17,Initial,T17_initial_S1,1989.938637,60.253,2003.4744933333334,76.5303303333335,NA,7.9,20,0.115,NA,2025-07-16T18:55:00Z,2025-07-16T20:08:00Z,-62.99447400000008,1.2166666666666666,-3.051564502500004
20241222,17,Initial,T17_initial_S1,1989.938637,60.253,2003.4744933333334,76.5303303333335,NA,7.9,20,0.115,NA,2025-07-16T18:55:00Z,2025-07-16T20:08:00Z,-62.99447400000008,1.2166666666666666,-3.051564502500004
20241222,17,Initial,T17_initial_S2,2013.249154,59.9275,2003.4744933333334,76.5303303333335,NA,7.9,20,0.115,NA,2025-07-16T18:55:00Z,2025-07-16T20:08:00Z,-86.3049910000002,1.2166666666666666,-4.180767457859599
20241222,17,Initial,T17_initial_S2,2013.249154,59.9275,2003.4744933333334,76.5303303333335,NA,7.9,20,0.115,NA,2025-07-16T18:55:00Z,2025-07-16T20:08:00Z,-86.3049910000002,1.2166666666666666,-4.180767457859599
20241222,17,Initial,T17_initial_S3,2007.235689,59.7228,2003.4744933333334,76.5303303333335,NA,7.9,20,0.115,NA,2025-07-16T18:55:00Z,2025-07-16T20:08:00Z,-80.2915260000002,1.2166666666666666,-3.889464504349325
20241222,17,Initial,T17_initial_S3,2007.235689,59.7228,2003.4744933333334,76.5303303333335,NA,7.9,20,0.115,NA,2025-07-16T18:55:00Z,2025-07-16T20:08:00Z,-80.2915260000002,1.2166666666666666,-3.889464504349325
20241222,17,NA,T17_Teg,2013.343856,59.9997,2003.4744933333334,76.5303303333335,NA,7.9,20,0.115,NA,2025-07-16T18:55:00Z,2025-07-16T20:08:00Z,-86.39969300000007,1.2166666666666666,-4.18535499138699
20241222,17,NA,T17_Teg,2013.343856,59.9997,2003.4744933333334,76.5303303333335,NA,7.9,20,0.115,NA,2025-07-16T18:55:00Z,2025-07-16T20:08:00Z,-86.39969300000007,1.2166666666666666,-4.18535499138699
20241222,17,Blank,T17_SBlank,1926.944163,59.7983,2003.4744933333334,76.5303303333335,NA,7.9,20,0.115,NA,2025-07-16T18:55:00Z,2025-07-16T20:08:00Z,0,1.2166666666666666,0
20241222,17,Blank,T17_SBlank,1926.944163,59.7983,2003.4744933333334,76.5303303333335,NA,7.9,20,0.115,NA,2025-07-16T18:55:00Z,2025-07-16T20:08:00Z,0,1.2166666666666666,0
